[
    {
        "brand_name":"삼천리자전거",
        "model":[
            {
                "name":"sam01",
                "total":50
            },
            {
                "name":"chun02",
                "total":10
            },
            {
                "name":"lee",
                "total":15
            }
        ]
    },
    {
        "brand_name":"FOCUS",
        "model":[
            {
                "name":"LENS",
                "total":10
            },
            {
                "name":"FOCUR",
                "total":20
            },
            {
                "name":"CUS",
                "total":40
            }
        ]
    },
    {
        "brand_name":"피나렐로",
        "model":[
            {
                "name":"PI",
                "total":20
            },
            {
                "name":"NA",
                "total":30
            },
            {
                "name":"RAL",
                "total":50
            },
            {
                "name":"ROW",
                "total":20
            }
        ]
    },
    {
        "brand_name":"트렉",
        "model":[
            {
                "name":"TT",
                "total":40
            },
            {
                "name":"RACK",
                "total":50
            }
        ]
    },
    {
        "brand_name":"비엠씨",
        "model":[
            {
                "name":"BMC",
                "total":10
            }
        ]
    },
    
    {
        "brand_name":"스페셜라이즈드",
        "model":[
            {
                "name":"SPECIAL",
                "total":40
            },
            
            {
                "name":"RIZED",
                "total":10
            }
        ]
    },
    
    {
        "brand_name":"비앙키",
        "model":[
            {
                "name":"B-ANG",
                "total":20
            },
            {
                "name":"KEY",
                "total":15
            }
        ]
    },
    {
        "brand_name":"스캇",
        "model":[
            {
                "name":"SCAT",
                "total":15
            }
        ]
    },
    {
        "brand_name":"캐니언",
        "model":[
            {
                "name":"CANY",
                "total":10
            },
            {
                "name":"UN",
                "total":20
            }
        ]
    },
    {
        "brand_name":"자이언트",
        "model":[
            {
                "name":"GIANT",
                "total":20
            },
            {
                "name":"PENGSOO",
                "total":40
            }
        ]
    }    
]