[
    {
        "name":"삼천리자전거",
        "open_time":"09:00",
        "end_time":"18:00",
        "running_time":30,
        "rest_time":10
    },
    {
        "name":"FOCUS",
        "open_time":"12:00",
        "end_time":"14:00",
        "running_time":10,
        "rest_time":20
    },
    {
        "name":"피나렐로",
        "open_time":"10:00",
        "end_time":"17:00",
        "running_time":20,
        "rest_time":5
    },
    {
        "name":"트렉",
        "open_time":"09:00",
        "end_time":"15:00",
        "running_time":60,
        "rest_time":10
    },
    {
        "name":"비엠씨",
        "open_time":"09:00",
        "end_time":"16:00",
        "running_time":30,
        "rest_time":10
    },
    {
        "name":"스페셜라이즈드",
        "open_time":"10:00",
        "end_time":"17:30",
        "running_time":30,
        "rest_time":15
    },
    {
        "name":"비앙키",
        "open_time":"09:30",
        "end_time":"17:20",
        "running_time":40,
        "rest_time":10
    },
    {
        "name":"스캇",
        "open_time":"08:30",
        "end_time":"13:15",
        "running_time":30,
        "rest_time":10
    },
    {
        "name":"캐니언",
        "open_time":"13:00",
        "end_time":"17:00",
        "running_time":50,
        "rest_time":10
    },
    {
        "name":"자어언트",
        "open_time":"09:15",
        "end_time":"17:30",
        "running_time":50,
        "rest_time":20
    }
]